Period,Cycle_Number,velocity,experiment_number,position,displacement,smoothed_displacement
300.469,1764,160.0,7,0,0.0001820825,0.000159632
600.61,2998,160.0,7,0,0.0001820825,0.000166616
900.828,4236,160.0,7,0,0.0001870699999999,0.000167617
1201.0,5468,160.0,7,0,0.0001770949999999,0.000159634
1502.188,6708,160.0,7,0,0.0001770924999999,0.000163623
1802.922,7950,160.0,7,0,0.0001795875,0.0001576389999999
2103.641,9185,160.0,7,0,0.0001745975,0.0001546439999999
2404.625,10425,160.0,7,0,0.0001746,0.0001516519999999
2704.922,11660,160.0,7,0,0.000172105,0.0001546449999999
3005.828,12901,160.0,7,0,0.000172105,0.000152649
3306.11,14137,160.0,7,0,0.0001745975,0.0001516529999999
3606.985,15375,160.0,7,0,0.0001770875,0.000151649
3907.031,16610,160.0,7,0,0.0001770924999999,0.000151651
4207.438,17848,160.0,7,0,0.0001696099999999,0.0001496549999999
4508.141,19086,160.0,7,0,0.0001721075,0.0001516529999999
4808.813,20320,160.0,7,0,0.0001745999999999,0.0001506539999999
5109.125,21560,160.0,7,0,0.00017959,0.0001536459999999
5409.75,22796,160.0,7,0,0.0001646274999999,0.0001486589999999
5710.422,24035,160.0,7,0,0.0001596325,0.000145666
6011.203,25272,160.0,7,0,0.0001621274999999,0.0001436689999999
6311.813,26509,160.0,7,0,0.0001696099999999,0.000154645
6612.922,27747,160.0,7,0,0.00016961,0.0001516509999999
6913.172,28986,160.0,7,0,0.00016462,0.000146663
7214.078,30225,160.0,7,0,0.00016462,0.0001426709999999
7514.719,31461,160.0,7,0,0.0001671175,0.000144668
7814.86,32695,160.0,7,0,0.0001696099999999,0.0001476579999999
8115.203,33933,160.0,7,0,0.000172105,0.000150653
8415.953,35169,160.0,7,0,0.00016961,0.000149657
8716.813,36408,160.0,7,0,0.0001696125,0.0001456649999999
9017.063,37646,160.0,7,0,0.0001571374999999,0.00014267
9317.625,38885,160.0,7,0,0.00016961,0.000142672
9618.344,40120,160.0,7,0,0.00016213,0.0001436699999999
9918.406,41358,160.0,7,0,0.0001621275,0.0001426719999999
10219.375,42596,160.0,7,0,0.00015714,0.000138681
10520.016,43835,160.0,7,0,0.00015714,0.000135689
10820.485,45069,160.0,7,0,0.0001721025,0.000138682
11121.203,46307,160.0,7,0,0.000164625,0.000139679
11421.328,47544,160.0,7,0,0.0001646225,0.0001426709999999
11722.219,48783,160.0,7,0,0.0001571425,0.0001426739999999
12023.453,50023,160.0,7,0,0.0001671149999999,0.000139679
12323.563,51257,160.0,7,0,0.000162125,0.0001416729999999
12624.438,52495,160.0,7,0,0.000164625,0.000139681
12925.36,53733,160.0,7,0,0.000154645,0.0001396789999999
13226.094,54974,160.0,7,0,0.00016462,0.00013968
13527.063,56212,160.0,7,0,0.0001621299999999,0.0001376849999999
13827.172,57445,160.0,7,0,0.0001621274999999,0.000142673
14127.797,58685,160.0,7,0,0.0001646224999999,0.0001366859999999
14427.875,59920,160.0,7,0,0.0001621274999999,0.0001386809999999
14728.891,61158,160.0,7,0,0.0001596325,0.0001426719999999
15028.906,62396,160.0,7,0,0.0001721024999999,0.000139675
15329.313,63633,160.0,7,0,0.0001546475,0.000131697
15630.11,64871,160.0,7,0,0.0001521524999999,0.000137684
15930.25,66105,160.0,7,0,0.00015963,0.0001356869999999
16230.719,67342,160.0,7,0,0.000157145,0.0001416739999999
16531.297,68580,160.0,7,0,0.0001621249999999,0.0001386809999999
16832.156,69818,160.0,7,0,0.000154645,0.0001356869999999
17133.141,71055,160.0,7,0,0.0001596325,0.000132695
17433.406,72291,160.0,7,0,0.0001546474999999,0.000134691
17733.656,73531,160.0,7,0,0.0001621275,0.000139678
18033.906,74766,160.0,7,0,0.0001621249999999,0.000137682
18334.641,76004,160.0,7,0,0.000167115,0.0001356869999999
18634.75,77239,160.0,7,0,0.0001521524999999,0.0001336929999999
18935.719,78476,160.0,7,0,0.0001521525,0.0001316979999999
19236.172,79715,160.0,7,0,0.0001646249999999,0.0001356879999999
19536.906,80953,160.0,7,0,0.0001546474999999,0.000132697
19837.235,82189,160.0,7,0,0.0001571375,0.000134691
20137.563,83423,160.0,7,0,0.0001621274999999,0.000136686
20438.078,84662,160.0,7,0,0.0001546474999999,0.0001336939999999
20739.125,85902,160.0,7,0,0.0001571375,0.000135688
21039.328,87139,160.0,7,0,0.0001571399999999,0.000135688
21339.594,88374,160.0,7,0,0.0001546449999999,0.000131697
21640.469,89613,160.0,7,0,0.0001596349999999,0.0001366839999999
21941.125,90850,160.0,7,0,0.00015714,0.000136687
22242.203,92087,160.0,7,0,0.0001596325,0.000133693
22543.016,93328,160.0,7,0,0.0001596349999999,0.0001366869999999
22843.125,94561,160.0,7,0,0.0001596349999999,0.0001336929999999
23144.156,95802,160.0,7,0,0.0001471624999999,0.0001306969999999
23444.36,97036,160.0,7,0,0.000154645,0.000128705
23744.86,98276,160.0,7,0,0.0001571424999999,0.000136688
24045.125,99511,160.0,7,0,0.0001621299999999,0.000132694
24345.141,100747,160.0,7,0,0.0001521525,0.000129702
24645.735,101984,160.0,7,0,0.0001596325,0.0001336929999999
24946.25,103220,160.0,7,0,0.0001621274999999,0.0001346899999999
25246.844,104458,160.0,7,0,0.000154645,0.0001366849999999
25547.094,105692,160.0,7,0,0.0001546449999999,0.000137683
25848.0,106931,160.0,7,0,0.0001621274999999,0.0001406769999999
26148.391,108171,160.0,7,0,0.0001621275,0.0001356879999999
26448.797,109406,160.0,7,0,0.0001745974999999,0.000144667
26749.766,110644,160.0,7,0,0.000162125,0.0001406779999999
27049.985,111881,160.0,7,0,0.0001571425,0.0001406789999999
27350.188,113116,160.0,7,0,0.00015714,0.000139679
27650.688,114355,160.0,7,0,0.0001571425,0.0001396779999999
27950.75,115589,160.0,7,0,0.00016961,0.0001476619999999
28251.094,116826,160.0,7,0,0.0001546474999999,0.000134691
28551.86,118062,160.0,7,0,0.0001671174999999,0.000136686
28852.063,119299,160.0,7,0,0.0001621274999999,0.0001416749999999
29152.219,120534,160.0,7,0,0.0001596325,0.00014267
29452.985,121772,160.0,7,0,0.000167115,0.000145664
29753.0,123010,160.0,7,0,0.0001621274999999,0.0001416749999999
30053.875,124247,160.0,7,0,0.0001721074999999,0.0001426739999999
30354.547,125485,160.0,7,0,0.0001646224999999,0.000147659
30654.985,126721,160.0,7,0,0.000172105,0.0001476599999999
30955.703,127959,160.0,7,0,0.0001621275,0.0001406759999999
31255.922,129197,160.0,7,0,0.00015714,0.0001376829999999
31556.141,130430,160.0,7,0,0.0001746,0.000147661
31856.969,131671,160.0,7,0,0.000167115,0.000143668
32157.594,132907,160.0,7,0,0.000167115,0.000145666
32457.844,134142,160.0,7,0,0.0001621274999999,0.000140675
32758.578,135380,160.0,7,0,0.0001671149999999,0.000149657
33058.906,136618,160.0,7,0,0.0001596325,0.000142671
33359.313,137853,160.0,7,0,0.0001571349999999,0.0001336939999999
33659.391,139089,160.0,7,0,0.0001621275,0.0001376839999999
33960.36,140328,160.0,7,0,0.0001621274999999,0.0001366859999999
34260.375,141564,160.0,7,0,0.00015215,0.0001356879999999
34560.547,142799,160.0,7,0,0.0001596349999999,0.0001376839999999
34861.547,144037,160.0,7,0,0.0001521549999999,0.0001366889999999
35161.985,145274,160.0,7,0,0.0001546449999999,0.000136686
35462.281,146512,160.0,7,0,0.0001621274999999,0.0001396799999999
35762.656,147747,160.0,7,0,0.0001546475,0.00013569
36063.063,148985,160.0,7,0,0.0001571399999999,0.000136685
36363.469,150221,160.0,7,0,0.00016462,0.000133691
36663.953,151458,160.0,7,0,0.0001646225,0.000137682
36964.438,152694,160.0,7,0,0.00015714,0.000131696
37265.235,153935,160.0,7,0,0.0001496575,0.000128705
37565.375,155170,160.0,7,0,0.00015215,0.0001297019999999
37865.797,156406,160.0,7,0,0.0001496574999999,0.0001287039999999
38165.953,157643,160.0,7,0,0.000149655,0.000132694
38466.797,158878,160.0,7,0,0.000154645,0.0001326949999999
38767.438,160117,160.0,7,0,0.0001546425,0.000131697
39067.61,161353,160.0,7,0,0.0001596325,0.000135687
39367.922,162591,160.0,7,0,0.0001621299999999,0.0001406749999999
39668.516,163827,160.0,7,0,0.0001646199999999,0.0001406769999999
39968.86,165062,160.0,7,0,0.0001596349999999,0.000141676
40269.375,166301,160.0,7,0,0.0001596349999999,0.000139678
40569.422,167536,160.0,7,0,0.0001646199999999,0.000137681
40870.25,168775,160.0,7,0,0.0001496599999999,0.0001326959999999
41171.0,170012,160.0,7,0,0.0001571374999999,0.000130696
41471.578,171249,160.0,7,0,0.0001646224999999,0.00013569
41772.547,172490,160.0,7,0,0.000154645,0.0001356879999999
42072.75,173722,160.0,7,0,0.0001621274999999,0.0001356899999999
42373.438,174963,160.0,7,0,0.0001596349999999,0.0001326949999999
42673.703,176198,160.0,7,0,0.0001571375,0.000132693
42973.766,177435,160.0,7,0,0.0001646224999999,0.0001406779999999
43274.735,178673,160.0,7,0,0.0001621299999999,0.0001416749999999
43575.516,179911,160.0,7,0,0.0001646199999999,0.0001366839999999
43875.938,181147,160.0,7,0,0.0001596325,0.0001386779999999
44176.828,182387,160.0,7,0,0.0001521524999999,0.0001336929999999
44477.672,183625,160.0,7,0,0.0001571375,0.000133693
44778.61,184861,160.0,7,0,0.0001546474999999,0.000132697
45079.547,186103,160.0,7,0,0.0001471599999999,0.0001287039999999
45379.719,187338,160.0,7,0,0.0001496575,0.0001287039999999
45680.438,188577,160.0,7,0,0.0001696099999999,0.000140676
45980.469,189810,160.0,7,0,0.0001671125,0.000140675
46281.25,191049,160.0,7,0,0.0001671149999999,0.0001376839999999
46582.281,192289,160.0,7,0,0.0001571375,0.000134691
46883.25,193528,160.0,7,0,0.0001696099999999,0.0001336929999999
47183.672,194765,160.0,7,0,0.00015963,0.000132692
47483.703,195997,160.0,7,0,0.00015215,0.0001267079999999
47784.5,197238,160.0,7,0,0.0001521524999999,0.000133691
48085.5,198477,160.0,7,0,0.00015714,0.000135689
48386.531,199716,160.0,7,0,0.00015714,0.000133693
300.469,1764,160.0,7,1,0.0001556424999999,0.000138352
600.61,2998,160.0,7,1,0.0001680025,0.0001482359999999
900.828,4236,160.0,7,1,0.0001630575,0.000147249
1201.0,5468,160.0,7,1,0.0001556475,0.000138354
1502.188,6708,160.0,7,1,0.0001556474999999,0.0001383529999999
1802.922,7950,160.0,7,1,0.00016306,0.000144282
2103.641,9185,160.0,7,1,0.0001581174999999,0.0001393419999999
2404.625,10425,160.0,7,1,0.0001408225,0.000130446
2704.922,11660,160.0,7,1,0.000148235,0.0001334109999999
3005.828,12901,160.0,7,1,0.00016059,0.0001393419999999
3306.11,14137,160.0,7,1,0.00015071,0.0001324259999999
3606.985,15375,160.0,7,1,0.00015071,0.0001343999999999
3907.031,16610,160.0,7,1,0.000148235,0.000132422
4207.438,17848,160.0,7,1,0.0001581149999999,0.000142304
4508.141,19086,160.0,7,1,0.000150705,0.0001343989999999
4808.813,20320,160.0,7,1,0.0001630575,0.000142305
5109.125,21560,160.0,7,1,0.0001605874999999,0.0001413159999999
5409.75,22796,160.0,7,1,0.000148235,0.000132422
5710.422,24035,160.0,7,1,0.0001581199999999,0.00014527
6011.203,25272,160.0,7,1,0.000155645,0.000138351
6311.813,26509,160.0,7,1,0.0001531774999999,0.000136377
6612.922,27747,160.0,7,1,0.0001482324999999,0.0001294579999999
6913.172,28986,160.0,7,1,0.0001457625,0.000130446
7214.078,30225,160.0,7,1,0.0001581174999999,0.000137363
7514.719,31461,160.0,7,1,0.000158115,0.0001413169999999
7814.86,32695,160.0,7,1,0.0001432925,0.0001284699999999
8115.203,33933,160.0,7,1,0.0001605874999999,0.00014033
8415.953,35169,160.0,7,1,0.000155645,0.000135388
8716.813,36408,160.0,7,1,0.000148235,0.000129458
9017.063,37646,160.0,7,1,0.000153175,0.000135386
9317.625,38885,160.0,7,1,0.0001581199999999,0.0001393419999999
9618.344,40120,160.0,7,1,0.0001581199999999,0.0001432949999999
9918.406,41358,160.0,7,1,0.0001457674999999,0.0001294609999999
10219.375,42596,160.0,7,1,0.0001605899999999,0.000140328
10520.016,43835,160.0,7,1,0.0001531774999999,0.0001373639999999
10820.485,45069,160.0,7,1,0.0001581174999999,0.000139342
11121.203,46307,160.0,7,1,0.0001457649999999,0.0001324239999999
11421.328,47544,160.0,7,1,0.00016306,0.0001413179999999
11722.219,48783,160.0,7,1,0.0001531775,0.0001353869999999
12023.453,50023,160.0,7,1,0.0001581174999999,0.0001442829999999
12323.563,51257,160.0,7,1,0.0001655275,0.0001442809999999
12624.438,52495,160.0,7,1,0.0001679999999999,0.000143296
12925.36,53733,160.0,7,1,0.00015812,0.000142306
13226.094,54974,160.0,7,1,0.0001704674999999,0.0001462569999999
13527.063,56212,160.0,7,1,0.0001581174999999,0.000138353
13827.172,57445,160.0,7,1,0.0001605874999999,0.000141316
14127.797,58685,160.0,7,1,0.0001531774999999,0.000136377
14427.875,59920,160.0,7,1,0.0001655275,0.000145271
14728.891,61158,160.0,7,1,0.0001605875,0.0001423049999999
15028.906,62396,160.0,7,1,0.0001630549999999,0.0001462579999999
15329.313,63633,160.0,7,1,0.0001605899999999,0.0001403309999999
15630.11,64871,160.0,7,1,0.000165525,0.00014428
15930.25,66105,160.0,7,1,0.0001605825,0.0001432909999999
16230.719,67342,160.0,7,1,0.0001680025,0.00014626
16531.297,68580,160.0,7,1,0.0001704675,0.000146257
16832.156,69818,160.0,7,1,0.0001581199999999,0.00014428
17133.141,71055,160.0,7,1,0.0001556475,0.000141316
17433.406,72291,160.0,7,1,0.0001655275,0.0001423049999999
17733.656,73531,160.0,7,1,0.000153175,0.000135389
18033.906,74766,160.0,7,1,0.0001507074999999,0.000137364
18334.641,76004,160.0,7,1,0.0001507049999999,0.000135388
18634.75,77239,160.0,7,1,0.0001531724999999,0.0001383519999999
18935.719,78476,160.0,7,1,0.000158115,0.000138351
19236.172,79715,160.0,7,1,0.0001581149999999,0.000138352
19536.906,80953,160.0,7,1,0.0001581174999999,0.0001413169999999
19837.235,82189,160.0,7,1,0.000158115,0.00014033
20137.563,83423,160.0,7,1,0.00016306,0.000143293
20438.078,84662,160.0,7,1,0.0001581175,0.0001432949999999
20739.125,85902,160.0,7,1,0.0001531774999999,0.0001383529999999
21039.328,87139,160.0,7,1,0.0001605875,0.0001403299999999
21339.594,88374,160.0,7,1,0.00016059,0.000143294
21640.469,89613,160.0,7,1,0.0001679949999999,0.000147243
21941.125,90850,160.0,7,1,0.0001655275,0.000145268
22242.203,92087,160.0,7,1,0.0001704699999999,0.000152186
22543.016,93328,160.0,7,1,0.00017294,0.000151199
22843.125,94561,160.0,7,1,0.0001605849999999,0.000142305
23144.156,95802,160.0,7,1,0.0001729399999999,0.0001502099999999
23444.36,97036,160.0,7,1,0.00017294,0.000149222
23744.86,98276,160.0,7,1,0.0001679999999999,0.000150211
24045.125,99511,160.0,7,1,0.0001581174999999,0.0001403289999999
24345.141,100747,160.0,7,1,0.0001679974999999,0.0001472449999999
24645.735,101984,160.0,7,1,0.00016306,0.0001423049999999
24946.25,103220,160.0,7,1,0.0001630575,0.0001403289999999
25246.844,104458,160.0,7,1,0.00016306,0.0001413179999999
25547.094,105692,160.0,7,1,0.0001754124999999,0.000148235
25848.0,106931,160.0,7,1,0.0001679975,0.000144282
26148.391,108171,160.0,7,1,0.0001605899999999,0.000145269
26448.797,109406,160.0,7,1,0.00017788,0.0001512
26749.766,110644,160.0,7,1,0.0001630575,0.000142307
27049.985,111881,160.0,7,1,0.0001556475,0.000138352
27350.188,113116,160.0,7,1,0.00016059,0.00014428
27650.688,114355,160.0,7,1,0.0001704675,0.0001462589999999
27950.75,115589,160.0,7,1,0.00016553,0.000144281
28251.094,116826,160.0,7,1,0.0001605874999999,0.000142305
28551.86,118062,160.0,7,1,0.0001778825,0.000147248
28852.063,119299,160.0,7,1,0.0001704699999999,0.000141317
29152.219,120534,160.0,7,1,0.0001704725,0.000152188
29452.985,121772,160.0,7,1,0.0001630575,0.000146257
29753.0,123010,160.0,7,1,0.0001704675,0.0001521869999999
30053.875,124247,160.0,7,1,0.00016059,0.0001423069999999
30354.547,125485,160.0,7,1,0.00016553,0.0001452709999999
30654.985,126721,160.0,7,1,0.0001630574999999,0.0001432919999999
30955.703,127959,160.0,7,1,0.0001704699999999,0.000148235
31255.922,129197,160.0,7,1,0.0001655325,0.0001492249999999
31556.141,130430,160.0,7,1,0.00017047,0.000148234
31856.969,131671,160.0,7,1,0.00015812,0.000143293
32157.594,132907,160.0,7,1,0.00016059,0.0001432949999999
32457.844,134142,160.0,7,1,0.0001729424999999,0.000150212
32758.578,135380,160.0,7,1,0.0001655299999999,0.000149224
33058.906,136618,160.0,7,1,0.00017294,0.0001492219999999
33359.313,137853,160.0,7,1,0.0001754125,0.000152188
33659.391,139089,160.0,7,1,0.0001679975,0.0001511989999999
33960.36,140328,160.0,7,1,0.00016306,0.000145271
34260.375,141564,160.0,7,1,0.0001729399999999,0.000151201
34560.547,142799,160.0,7,1,0.0001704674999999,0.0001492219999999
34861.547,144037,160.0,7,1,0.0001630625,0.0001462599999999
35161.985,145274,160.0,7,1,0.0001605875,0.000143292
35462.281,146512,160.0,7,1,0.0001630625,0.000144283
35762.656,147747,160.0,7,1,0.0001556474999999,0.0001423069999999
36063.063,148985,160.0,7,1,0.0001704725,0.0001551529999999
36363.469,150221,160.0,7,1,0.00016306,0.0001472479999999
36663.953,151458,160.0,7,1,0.0001704725,0.0001502119999999
36964.438,152694,160.0,7,1,0.0001655275,0.000146258
37265.235,153935,160.0,7,1,0.0001655275,0.000144282
37565.375,155170,160.0,7,1,0.0001754125,0.0001551519999999
37865.797,156406,160.0,7,1,0.000177885,0.000154166
38165.953,157643,160.0,7,1,0.0001729449999999,0.000147248
38466.797,158878,160.0,7,1,0.0001754099999999,0.000152188
38767.438,160117,160.0,7,1,0.0001679999999999,0.0001511999999999
39067.61,161353,160.0,7,1,0.0001704699999999,0.000152187
39367.922,162591,160.0,7,1,0.00017788,0.0001551519999999
39668.516,163827,160.0,7,1,0.0001704724999999,0.0001531759999999
39968.86,165062,160.0,7,1,0.0001655275,0.0001452689999999
40269.375,166301,160.0,7,1,0.0001729399999999,0.0001511999999999
40569.422,167536,160.0,7,1,0.00016553,0.000146257
40870.25,168775,160.0,7,1,0.00016306,0.000148235
41171.0,170012,160.0,7,1,0.0001729424999999,0.0001492239999999
41471.578,171249,160.0,7,1,0.0001704724999999,0.000148236
41772.547,172490,160.0,7,1,0.0001704699999999,0.0001482339999999
42072.75,173722,160.0,7,1,0.0001754124999999,0.0001502109999999
42373.438,174963,160.0,7,1,0.00015812,0.000143294
42673.703,176198,160.0,7,1,0.0001754099999999,0.0001551519999999
42973.766,177435,160.0,7,1,0.0001828275,0.0001571289999999
43274.735,178673,160.0,7,1,0.0001679999999999,0.000145268
43575.516,179911,160.0,7,1,0.00017294,0.000152188
43875.938,181147,160.0,7,1,0.0001680025,0.0001492239999999
44176.828,182387,160.0,7,1,0.0001704699999999,0.000153177
44477.672,183625,160.0,7,1,0.0001754099999999,0.0001492239999999
44778.61,184861,160.0,7,1,0.0001729449999999,0.0001512019999999
45079.547,186103,160.0,7,1,0.0001605874999999,0.00014527
45379.719,187338,160.0,7,1,0.0001679999999999,0.0001472469999999
45680.438,188577,160.0,7,1,0.0001778824999999,0.000152189
45980.469,189810,160.0,7,1,0.000180355,0.000157131
46281.25,191049,160.0,7,1,0.000182825,0.000159105
46582.281,192289,160.0,7,1,0.0001852924999999,0.0001561389999999
46883.25,193528,160.0,7,1,0.0001679975,0.000150212
47183.672,194765,160.0,7,1,0.0001803525,0.000154164
47483.703,195997,160.0,7,1,0.0001704724999999,0.000149223
47784.5,197238,160.0,7,1,0.0001778825,0.0001581179999999
48085.5,198477,160.0,7,1,0.0001704724999999,0.000148235
48386.531,199716,160.0,7,1,0.0001754149999999,0.0001551539999999
300.235,2211,210.0,7,0,0.0001945524999999,0.000154643
600.438,3834,210.0,7,0,0.000207025,0.0001646199999999
901.078,5458,210.0,7,0,0.0002219875,0.000162625
1201.078,7079,210.0,7,0,0.0001945524999999,0.0001516509999999
1501.844,8705,210.0,7,0,0.0001970499999999,0.000158636
1802.688,10330,210.0,7,0,0.00020453,0.0001556419999999
2103.563,11955,210.0,7,0,0.0001920624999999,0.0001546449999999
2404.032,13575,210.0,7,0,0.0002045275,0.000154645
2704.438,15200,210.0,7,0,0.00019206,0.0001486589999999
3004.797,16822,210.0,7,0,0.0001945525,0.000150654
3305.172,18448,210.0,7,0,0.00019206,0.000154645
3606.0,20071,210.0,7,0,0.0001995399999999,0.000156641
3906.563,21696,210.0,7,0,0.0002070249999999,0.000149657
4206.782,23317,210.0,7,0,0.00019954,0.000154645
4507.078,24940,210.0,7,0,0.0002219875,0.0001576349999999
4807.61,26566,210.0,7,0,0.0002194925,0.0001556419999999
5108.0,28186,210.0,7,0,0.000207025,0.0001616289999999
5408.797,29814,210.0,7,0,0.0002095174999999,0.0001516499999999
5709.5,31438,210.0,7,0,0.0001995424999999,0.0001546469999999
6010.313,33065,210.0,7,0,0.00021201,0.000166614
6310.657,34687,210.0,7,0,0.0001945499999999,0.0001606299999999
6610.953,36306,210.0,7,0,0.0001895625,0.0001496559999999
6911.016,37930,210.0,7,0,0.0002120124999999,0.0001626259999999
7211.719,39555,210.0,7,0,0.000184575,0.0001506529999999
7512.094,41179,210.0,7,0,0.000207025,0.0001606319999999
7812.922,42804,210.0,7,0,0.000189565,0.0001566399999999
8113.844,44428,210.0,7,0,0.0001970449999999,0.0001546439999999
8414.047,46051,210.0,7,0,0.0001970475,0.0001556429999999
8714.938,47678,210.0,7,0,0.00020702,0.0001596339999999
9015.844,49304,210.0,7,0,0.0001920624999999,0.0001456649999999
9315.953,50925,210.0,7,0,0.0001945499999999,0.0001576359999999
9616.36,52546,210.0,7,0,0.0001970425,0.0001546419999999
9916.547,54168,210.0,7,0,0.0001920525,0.0001446659999999
10217.172,55793,210.0,7,0,0.0001945499999999,0.0001486569999999
10518.235,57419,210.0,7,0,0.0001920575,0.000153646
10818.922,59045,210.0,7,0,0.0002020325,0.000149655
11119.563,60671,210.0,7,0,0.00020453,0.0001476619999999
11420.36,62294,210.0,7,0,0.0001970424999999,0.0001536459999999
11720.875,63917,210.0,7,0,0.0002045299999999,0.0001576379999999
12020.891,65537,210.0,7,0,0.0001895625,0.000150654
12321.641,67161,210.0,7,0,0.000184575,0.0001496569999999
12622.391,68789,210.0,7,0,0.0001820799999999,0.000149656
12922.907,70412,210.0,7,0,0.0001895625,0.0001496579999999
13222.907,72033,210.0,7,0,0.0001920599999999,0.0001476609999999
13523.016,73656,210.0,7,0,0.0001945549999999,0.0001516519999999
13823.063,75277,210.0,7,0,0.0002045274999999,0.000146663
14123.453,76900,210.0,7,0,0.0001995425,0.0001506549999999
14423.453,78521,210.0,7,0,0.0001870724999999,0.00014866
14723.922,80145,210.0,7,0,0.0001945549999999,0.0001436729999999
15024.328,81769,210.0,7,0,0.0001945549999999,0.000151656
15324.875,83390,210.0,7,0,0.0001995424999999,0.0001476619999999
15625.672,85017,210.0,7,0,0.0002095149999999,0.0001606309999999
15926.0,86640,210.0,7,0,0.0002020325,0.00014766
16226.594,88261,210.0,7,0,0.0001995375,0.000150654
16526.907,89886,210.0,7,0,0.0002120124999999,0.0001566409999999
16827.36,91510,210.0,7,0,0.0001845774999999,0.000149656
17127.75,93132,210.0,7,0,0.0001870699999999,0.0001506549999999
17428.313,94754,210.0,7,0,0.000189565,0.0001506549999999
17728.438,96376,210.0,7,0,0.0001870675,0.000143668
18028.532,97996,210.0,7,0,0.000189565,0.000145666
18329.188,99623,210.0,7,0,0.0001995424999999,0.0001526499999999
18629.75,101249,210.0,7,0,0.000194555,0.0001506549999999
18930.36,102869,210.0,7,0,0.0002020325,0.0001496559999999
19230.485,104494,210.0,7,0,0.0001920575,0.000155643
19530.953,106116,210.0,7,0,0.0001895625,0.000146662
19831.735,107741,210.0,7,0,0.0001845774999999,0.0001486599999999
20132.516,109368,210.0,7,0,0.00019954,0.0001536479999999
20432.547,110990,210.0,7,0,0.00018707,0.0001476609999999
20733.219,112612,210.0,7,0,0.0001970449999999,0.0001526489999999
21033.516,114235,210.0,7,0,0.000197045,0.0001446659999999
21333.735,115858,210.0,7,0,0.0001945524999999,0.000143668
21634.578,117484,210.0,7,0,0.0001820849999999,0.0001386799999999
21935.094,119107,210.0,7,0,0.0001945499999999,0.000144667
22235.516,120728,210.0,7,0,0.0001970474999999,0.000147662
22535.797,122352,210.0,7,0,0.0001945524999999,0.0001426719999999
22835.922,123975,210.0,7,0,0.0002070275,0.0001526489999999
23136.844,125599,210.0,7,0,0.00019206,0.0001446669999999
23437.391,127225,210.0,7,0,0.00018707,0.000141675
23737.547,128844,210.0,7,0,0.0001870675,0.000146661
24037.703,130468,210.0,7,0,0.0001945549999999,0.000149656
24338.578,132092,210.0,7,0,0.000207025,0.000150653
24638.766,133715,210.0,7,0,0.0001795849999999,0.000144668
24938.797,135337,210.0,7,0,0.0001970499999999,0.000150654
25238.797,136956,210.0,7,0,0.0001970474999999,0.000146665
25539.563,138581,210.0,7,0,0.0001895649999999,0.0001496559999999
25839.688,140203,210.0,7,0,0.000184575,0.000140678
26140.5,141829,210.0,7,0,0.000194555,0.000151651
26441.391,143451,210.0,7,0,0.0001845774999999,0.0001446669999999
26741.532,145077,210.0,7,0,0.0001845775,0.0001496549999999
27041.735,146699,210.0,7,0,0.0001945525,0.000152646
27342.328,148324,210.0,7,0,0.0001945549999999,0.000146663
27642.735,149945,210.0,7,0,0.0002045325,0.000151652
27943.344,151568,210.0,7,0,0.0001845775,0.000145664
28243.516,153189,210.0,7,0,0.0001870724999999,0.00014766
28544.485,154817,210.0,7,0,0.0002045325,0.000150653
28845.5,156443,210.0,7,0,0.0001870675,0.0001456619999999
29146.25,158069,210.0,7,0,0.000177095,0.000143667
29446.516,159691,210.0,7,0,0.0001845749999999,0.0001396779999999
29746.907,161315,210.0,7,0,0.0001895624999999,0.0001476599999999
30047.063,162936,210.0,7,0,0.0001970475,0.0001546439999999
30347.328,164557,210.0,7,0,0.0001945499999999,0.000153645
30647.719,166181,210.0,7,0,0.000189565,0.0001446649999999
30948.594,167807,210.0,7,0,0.0001895649999999,0.000141673
31248.938,169430,210.0,7,0,0.0001920575,0.000144667
31549.594,171053,210.0,7,0,0.0001845775,0.000148659
31849.907,172679,210.0,7,0,0.0001895675,0.0001466609999999
32150.172,174298,210.0,7,0,0.0001770925,0.000145665
32450.75,175923,210.0,7,0,0.0001920624999999,0.0001446659999999
32751.0,177545,210.0,7,0,0.000182085,0.000144668
33051.422,179170,210.0,7,0,0.0002045299999999,0.0001526499999999
33352.078,180794,210.0,7,0,0.0001820825,0.000150654
33652.922,182421,210.0,7,0,0.0001945524999999,0.000153648
33953.266,184041,210.0,7,0,0.0001945524999999,0.0001476579999999
34254.11,185669,210.0,7,0,0.0001795875,0.00015265
34554.157,187291,210.0,7,0,0.00018707,0.0001436689999999
34854.891,188914,210.0,7,0,0.0001920575,0.000144666
35155.078,190534,210.0,7,0,0.000184575,0.000144668
35455.672,192158,210.0,7,0,0.0001995399999999,0.0001496559999999
35756.078,193784,210.0,7,0,0.00017959,0.0001446699999999
36056.422,195406,210.0,7,0,0.0001845775,0.000138682
36357.344,197031,210.0,7,0,0.0001696125,0.000140676
36658.344,198657,210.0,7,0,0.00018208,0.000139679
36958.875,200282,210.0,7,0,0.0001920599999999,0.000141677
300.235,2211,210.0,7,1,0.0001927049999999,0.00013934
600.438,3834,210.0,7,1,0.0002001174999999,0.000144281
901.078,5458,210.0,7,1,0.0001803525,0.000142306
1201.078,7079,210.0,7,1,0.000187765,0.000149223
1501.844,8705,210.0,7,1,0.000182825,0.00014033
1802.688,10330,210.0,7,1,0.0001927075,0.0001373649999999
2103.563,11955,210.0,7,1,0.0001927049999999,0.0001383509999999
2404.032,13575,210.0,7,1,0.0001902349999999,0.0001334099999999
2704.438,15200,210.0,7,1,0.0001778825,0.000136376
3004.797,16822,210.0,7,1,0.0001877649999999,0.000138351
3305.172,18448,210.0,7,1,0.0001803524999999,0.000130447
3606.0,20071,210.0,7,1,0.000197645,0.0001403279999999
3906.563,21696,210.0,7,1,0.0001729374999999,0.0001373629999999
4206.782,23317,210.0,7,1,0.0001927049999999,0.0001334109999999
4507.078,24940,210.0,7,1,0.00018035,0.000136377
4807.61,26566,210.0,7,1,0.0001902349999999,0.0001383519999999
5108.0,28186,210.0,7,1,0.0001754125,0.000137366
5408.797,29814,210.0,7,1,0.000182825,0.0001373649999999
5709.5,31438,210.0,7,1,0.0001729424999999,0.000136377
6010.313,33065,210.0,7,1,0.00018035,0.0001403279999999
6310.657,34687,210.0,7,1,0.0001828224999999,0.00014033
6610.953,36306,210.0,7,1,0.0001778849999999,0.000138354
6911.016,37930,210.0,7,1,0.0001754149999999,0.0001353889999999
7211.719,39555,210.0,7,1,0.000185295,0.0001442819999999
7512.094,41179,210.0,7,1,0.000195175,0.0001363749999999
7812.922,42804,210.0,7,1,0.0001976425,0.0001432909999999
8113.844,44428,210.0,7,1,0.0001803525,0.0001393419999999
8414.047,46051,210.0,7,1,0.00017788,0.000144281
8714.938,47678,210.0,7,1,0.000182825,0.000135388
9015.844,49304,210.0,7,1,0.0001828224999999,0.0001334109999999
9315.953,50925,210.0,7,1,0.0001754124999999,0.000138353
9616.36,52546,210.0,7,1,0.0001852949999999,0.0001363759999999
9916.547,54168,210.0,7,1,0.0001828224999999,0.000134399
10217.172,55793,210.0,7,1,0.0001828224999999,0.0001353869999999
10518.235,57419,210.0,7,1,0.0001803524999999,0.000139339
10818.922,59045,210.0,7,1,0.0001828224999999,0.00014033
11119.563,60671,210.0,7,1,0.0001778824999999,0.000133412
11420.36,62294,210.0,7,1,0.0001778824999999,0.0001432939999999
11720.875,63917,210.0,7,1,0.0001778824999999,0.000138351
12020.891,65537,210.0,7,1,0.0001754125,0.000142306
12321.641,67161,210.0,7,1,0.00018035,0.000144283
12622.391,68789,210.0,7,1,0.000195175,0.0001383529999999
12922.907,70412,210.0,7,1,0.0001828225,0.0001373649999999
13222.907,72033,210.0,7,1,0.00017788,0.00013341
13523.016,73656,210.0,7,1,0.0001852924999999,0.0001413179999999
13823.063,75277,210.0,7,1,0.0001877625,0.000136375
14123.453,76900,210.0,7,1,0.0001729375,0.000144281
14423.453,78521,210.0,7,1,0.0001852924999999,0.0001442819999999
14723.922,80145,210.0,7,1,0.00017788,0.000136376
15024.328,81769,210.0,7,1,0.00018529,0.0001343999999999
15324.875,83390,210.0,7,1,0.000195175,0.0001393409999999
15625.672,85017,210.0,7,1,0.0001951725,0.0001413159999999
15926.0,86640,210.0,7,1,0.0001927049999999,0.0001353869999999
16226.594,88261,210.0,7,1,0.0001902299999999,0.000135388
16526.907,89886,210.0,7,1,0.0001926999999999,0.0001413149999999
16827.36,91510,210.0,7,1,0.000187765,0.0001294599999999
17127.75,93132,210.0,7,1,0.0001729349999999,0.0001413159999999
17428.313,94754,210.0,7,1,0.00018282,0.0001403289999999
17728.438,96376,210.0,7,1,0.0001778774999999,0.000135387
18028.532,97996,210.0,7,1,0.0001877624999999,0.000142304
18329.188,99623,210.0,7,1,0.00018529,0.000136375
18629.75,101249,210.0,7,1,0.00018529,0.0001393399999999
18930.36,102869,210.0,7,1,0.0001828224999999,0.000146259
19230.485,104494,210.0,7,1,0.00017788,0.0001432919999999
19530.953,106116,210.0,7,1,0.0001902324999999,0.00013341
19831.735,107741,210.0,7,1,0.0001754099999999,0.000137365
20132.516,109368,210.0,7,1,0.0001902299999999,0.0001403279999999
20432.547,110990,210.0,7,1,0.0001902349999999,0.00014033
20733.219,112612,210.0,7,1,0.0001877599999999,0.0001373639999999
21033.516,114235,210.0,7,1,0.00018282,0.0001393389999999
21333.735,115858,210.0,7,1,0.00018529,0.000134399
21634.578,117484,210.0,7,1,0.0001729375,0.0001413159999999
21935.094,119107,210.0,7,1,0.0001778775,0.0001383529999999
22235.516,120728,210.0,7,1,0.0001927049999999,0.0001324229999999
22535.797,122352,210.0,7,1,0.00017788,0.000135387
22835.922,123975,210.0,7,1,0.0001852924999999,0.000137365
23136.844,125599,210.0,7,1,0.000187765,0.000132423
23437.391,127225,210.0,7,1,0.0001852924999999,0.0001344
23737.547,128844,210.0,7,1,0.0001803525,0.000138352
24037.703,130468,210.0,7,1,0.0001828225,0.0001343999999999
24338.578,132092,210.0,7,1,0.0001754125,0.000132424
24638.766,133715,210.0,7,1,0.0001927075,0.0001393379999999
24938.797,135337,210.0,7,1,0.000192705,0.000138353
25238.797,136956,210.0,7,1,0.0001927025,0.000134399
25539.563,138581,210.0,7,1,0.0001828225,0.0001334089999999
25839.688,140203,210.0,7,1,0.0001729399999999,0.0001363749999999
26140.5,141829,210.0,7,1,0.0001902324999999,0.0001452679999999
26441.391,143451,210.0,7,1,0.000190235,0.0001472459999999
26741.532,145077,210.0,7,1,0.0001828225,0.000138352
27041.735,146699,210.0,7,1,0.0001828224999999,0.000137363
27342.328,148324,210.0,7,1,0.0001803499999999,0.000145269
27642.735,149945,210.0,7,1,0.0002001149999999,0.000147246
27943.344,151568,210.0,7,1,0.0001902324999999,0.0001423029999999
28243.516,153189,210.0,7,1,0.00017294,0.000140329
28544.485,154817,210.0,7,1,0.0001803524999999,0.000149223
28845.5,156443,210.0,7,1,0.000182825,0.000146257
29146.25,158069,210.0,7,1,0.000185295,0.0001393419999999
29446.516,159691,210.0,7,1,0.0001951749999999,0.0001403269999999
29746.907,161315,210.0,7,1,0.000185295,0.0001413179999999
30047.063,162936,210.0,7,1,0.0001828225,0.0001383529999999
30347.328,164557,210.0,7,1,0.000190235,0.0001502099999999
30647.719,166181,210.0,7,1,0.0001778825,0.000154164
30948.594,167807,210.0,7,1,0.0001828249999999,0.000143296
31248.938,169430,210.0,7,1,0.0001902324999999,0.0001482359999999
31549.594,171053,210.0,7,1,0.0001877624999999,0.0001403279999999
31849.907,172679,210.0,7,1,0.000185295,0.000141316
32150.172,174298,210.0,7,1,0.0001828224999999,0.0001423049999999
32450.75,175923,210.0,7,1,0.0001803525,0.0001413169999999
32751.0,177545,210.0,7,1,0.0001902374999999,0.000147247
33051.422,179170,210.0,7,1,0.000195175,0.000141318
33352.078,180794,210.0,7,1,0.0001927099999999,0.0001423069999999
33652.922,182421,210.0,7,1,0.0001927025,0.000146258
33953.266,184041,210.0,7,1,0.0001951775,0.0001393419999999
34254.11,185669,210.0,7,1,0.000175415,0.000142306
34554.157,187291,210.0,7,1,0.000187765,0.000144284
34854.891,188914,210.0,7,1,0.00017788,0.000144281
35155.078,190534,210.0,7,1,0.0001976475,0.000148234
35455.672,192158,210.0,7,1,0.000187765,0.000141319
35756.078,193784,210.0,7,1,0.000182825,0.000153178
36056.422,195406,210.0,7,1,0.000192705,0.000138353
36357.344,197031,210.0,7,1,0.000182825,0.0001462589999999
36658.344,198657,210.0,7,1,0.0001877649999999,0.000143294
36958.875,200282,210.0,7,1,0.000185295,0.0001452699999999
300.313,3854,270.0,7,0,0.0001696125,0.000151653
601.141,5943,270.0,7,0,0.0001696099999999,0.0001476589999999
901.579,8031,270.0,7,0,0.0001596349999999,0.000146664
1201.813,10115,270.0,7,0,0.0001696124999999,0.000153647
1502.813,12207,270.0,7,0,0.0001696074999999,0.000149654
1802.922,14290,270.0,7,0,0.0001770924999999,0.0001436689999999
2103.141,16376,270.0,7,0,0.0001696075,0.0001506509999999
2403.454,18459,270.0,7,0,0.0001746,0.0001516519999999
2703.907,20550,270.0,7,0,0.0001696075,0.000152648
3004.016,22635,270.0,7,0,0.0001671175,0.000153647
3304.313,24722,270.0,7,0,0.0001671174999999,0.0001516519999999
3604.641,26807,270.0,7,0,0.00016961,0.000153648
3905.157,28895,270.0,7,0,0.0001671149999999,0.0001516519999999
4205.579,30981,270.0,7,0,0.0001746,0.0001466649999999
4505.969,33070,270.0,7,0,0.00016961,0.000149655
4806.438,35157,270.0,7,0,0.0001745974999999,0.0001546439999999
5106.985,37244,270.0,7,0,0.0001721025,0.000155641
5407.141,39327,270.0,7,0,0.0001696125,0.000155641
5707.688,41415,270.0,7,0,0.0001795899999999,0.0001566419999999
6008.047,43501,270.0,7,0,0.0001696075,0.000158634
6308.532,45591,270.0,7,0,0.0001795875,0.000155643
6609.188,47679,270.0,7,0,0.0001770949999999,0.000154645
6909.907,49770,270.0,7,0,0.0001770924999999,0.000162626
7210.094,51854,270.0,7,0,0.0001820799999999,0.0001596329999999
7511.016,53946,270.0,7,0,0.0001770924999999,0.00015664
7811.797,56034,270.0,7,0,0.0001745975,0.00016063
8112.282,58119,270.0,7,0,0.000179585,0.0001566369999999
8413.094,60210,270.0,7,0,0.0001770949999999,0.000162625
8713.938,62299,270.0,7,0,0.0001845725,0.0001626249999999
9014.141,64385,270.0,7,0,0.0001845799999999,0.0001616289999999
9314.766,66473,270.0,7,0,0.0001721074999999,0.000165619
9615.188,68563,270.0,7,0,0.0001746,0.0001626269999999
9916.032,70649,270.0,7,0,0.0001870675,0.0001626259999999
10216.766,72738,270.0,7,0,0.0001795874999999,0.0001636229999999
10516.766,74822,270.0,7,0,0.000184575,0.0001596319999999
10816.86,76911,270.0,7,0,0.0001745975,0.0001636229999999
11117.016,78994,270.0,7,0,0.0001795875,0.0001606319999999
11417.735,81081,270.0,7,0,0.000184575,0.0001636219999999
11718.719,83173,270.0,7,0,0.0001870699999999,0.0001616309999999
12018.969,85259,270.0,7,0,0.00018707,0.0001646219999999
12319.829,87351,270.0,7,0,0.0001820824999999,0.000164621
12620.375,89438,270.0,7,0,0.0001845749999999,0.000167615
12920.985,91524,270.0,7,0,0.0001820849999999,0.000163625
13221.829,93616,270.0,7,0,0.0001895625,0.0001666169999999
13522.329,95704,270.0,7,0,0.00018208,0.000161626
13822.688,97791,270.0,7,0,0.0001820824999999,0.000165619
14123.547,99880,270.0,7,0,0.000182085,0.00016562
14424.25,101970,270.0,7,0,0.0001970474999999,0.0001656209999999
14724.516,104055,270.0,7,0,0.000184575,0.0001606299999999
15025.094,106144,270.0,7,0,0.0001870725,0.0001656189999999
15325.297,108228,270.0,7,0,0.00019206,0.0001656199999999
15626.016,110320,270.0,7,0,0.0001795875,0.000163624
15926.344,112401,270.0,7,0,0.0001895649999999,0.0001636229999999
16227.079,114491,270.0,7,0,0.0001820799999999,0.00016562
16527.907,116583,270.0,7,0,0.0001970475,0.0001716039999999
16828.563,118672,270.0,7,0,0.0002020324999999,0.000167613
17128.875,120756,270.0,7,0,0.00019954,0.000171605
17429.047,122844,270.0,7,0,0.0001870699999999,0.0001646219999999
17729.75,124932,270.0,7,0,0.0001920599999999,0.000168614
18030.141,127021,270.0,7,0,0.0001795874999999,0.0001646219999999
18330.157,129104,270.0,7,0,0.000189565,0.0001626269999999
18630.297,131188,270.0,7,0,0.0001870724999999,0.000164622
18930.297,133273,270.0,7,0,0.0001970474999999,0.000168614
19230.875,135361,270.0,7,0,0.0001995425,0.0001686099999999
19531.61,137449,270.0,7,0,0.0001995424999999,0.000172603
19832.141,139539,270.0,7,0,0.0002045275,0.0001755949999999
20133.125,141628,270.0,7,0,0.0001845775,0.0001706089999999
20433.829,143717,270.0,7,0,0.00018956,0.000170607
20734.125,145801,270.0,7,0,0.0001945574999999,0.0001706089999999
21035.047,147894,270.0,7,0,0.0001895599999999,0.0001726009999999
21335.063,149977,270.0,7,0,0.0001945524999999,0.000172604
21635.344,152065,270.0,7,0,0.00018707,0.0001606309999999
21935.469,154150,270.0,7,0,0.000189565,0.000170606
22236.375,156237,270.0,7,0,0.0001820825,0.0001626259999999
22536.75,158326,270.0,7,0,0.0001970474999999,0.000168612
22837.172,160414,270.0,7,0,0.0001970474999999,0.000173602
23137.938,162503,270.0,7,0,0.0001970475,0.000170608
23438.329,164588,270.0,7,0,0.000192055,0.0001735989999999
23738.485,166674,270.0,7,0,0.0002045325,0.000167616
24039.282,168763,270.0,7,0,0.0001945524999999,0.00016961
24339.454,170849,270.0,7,0,0.0001945525,0.000171605
24640.329,172940,270.0,7,0,0.0001920525,0.0001735979999999
24940.719,175027,270.0,7,0,0.000202035,0.000173601
25241.282,177113,270.0,7,0,0.0001995425,0.0001735999999999
25542.032,179201,270.0,7,0,0.000197045,0.000168611
25843.0,181296,270.0,7,0,0.000192055,0.0001795859999999
26143.907,183383,270.0,7,0,0.0001945525,0.000175597
26444.219,185469,270.0,7,0,0.000202035,0.000174598
26745.094,187560,270.0,7,0,0.00020702,0.0001765929999999
27045.719,189648,270.0,7,0,0.0001995424999999,0.000173603
27346.172,191736,270.0,7,0,0.0001945474999999,0.000184573
27646.375,193823,270.0,7,0,0.00019954,0.0001676139999999
27946.594,195906,270.0,7,0,0.00020453,0.000175597
28247.125,197996,270.0,7,0,0.0001945524999999,0.000170607
28547.954,200085,270.0,7,0,0.0001945499999999,0.000172601
300.313,3854,270.0,7,1,0.0001581174999999,0.0001274829999999
601.141,5943,270.0,7,1,0.0001482374999999,0.000119577
901.579,8031,270.0,7,1,0.00015565,0.000116613
1201.813,10115,270.0,7,1,0.000155645,0.0001215499999999
1502.813,12207,270.0,7,1,0.0001432975,0.000119577
1802.922,14290,270.0,7,1,0.00014824,0.0001255079999999
2103.141,16376,270.0,7,1,0.0001482375,0.000126495
2403.454,18459,270.0,7,1,0.0001457699999999,0.0001205679999999
2703.907,20550,270.0,7,1,0.0001457675,0.0001215529999999
3004.016,22635,270.0,7,1,0.0001507074999999,0.0001195789999999
3304.313,24722,270.0,7,1,0.00015071,0.000119579
3604.641,26807,270.0,7,1,0.0001507075,0.0001205669999999
3905.157,28895,270.0,7,1,0.0001605874999999,0.000120567
4205.579,30981,270.0,7,1,0.0001507075,0.000121552
4505.969,33070,270.0,7,1,0.00015565,0.0001185909999999
4806.438,35157,270.0,7,1,0.0001581149999999,0.0001235299999999
5106.985,37244,270.0,7,1,0.0001581174999999,0.0001195759999999
5407.141,39327,270.0,7,1,0.00015071,0.0001245199999999
5707.688,41415,270.0,7,1,0.0001457674999999,0.00012353
6008.047,43501,270.0,7,1,0.0001581199999999,0.000122541
6308.532,45591,270.0,7,1,0.0001556499999999,0.000125509
6609.188,47679,270.0,7,1,0.0001556499999999,0.000128472
6909.907,49770,270.0,7,1,0.0001605899999999,0.0001284709999999
7210.094,51854,270.0,7,1,0.0001581199999999,0.0001225419999999
7511.016,53946,270.0,7,1,0.0001531775,0.0001274839999999
7811.797,56034,270.0,7,1,0.00016059,0.000124517
8112.282,58119,270.0,7,1,0.00015565,0.0001304489999999
8413.094,60210,270.0,7,1,0.0001605874999999,0.0001264949999999
8713.938,62299,270.0,7,1,0.00015565,0.000128473
9014.141,64385,270.0,7,1,0.0001630599999999,0.0001334129999999
9314.766,66473,270.0,7,1,0.0001531775,0.00012353
9615.188,68563,270.0,7,1,0.0001630625,0.0001304489999999
9916.032,70649,270.0,7,1,0.000168,0.0001255069999999
10216.766,72738,270.0,7,1,0.0001655325,0.000127485
10516.766,74822,270.0,7,1,0.00015812,0.0001314359999999
10816.86,76911,270.0,7,1,0.00016059,0.0001294599999999
11117.016,78994,270.0,7,1,0.000168,0.0001264949999999
11417.735,81081,270.0,7,1,0.0001704675,0.000126494
11718.719,83173,270.0,7,1,0.0001630599999999,0.000137367
12018.969,85259,270.0,7,1,0.00017294,0.0001284729999999
12319.829,87351,270.0,7,1,0.0001605874999999,0.000128471
12620.375,89438,270.0,7,1,0.0001655324999999,0.000130449
12920.985,91524,270.0,7,1,0.0001630599999999,0.000129462
13221.829,93616,270.0,7,1,0.0001680025,0.000131437
13522.329,95704,270.0,7,1,0.0001655299999999,0.000136378
13822.688,97791,270.0,7,1,0.0001754125,0.0001314369999999
14123.547,99880,270.0,7,1,0.000168,0.000132425
14424.25,101970,270.0,7,1,0.0001704649999999,0.000131437
14724.516,104055,270.0,7,1,0.0001729399999999,0.000138357
15025.094,106144,270.0,7,1,0.0001679999999999,0.0001442819999999
15325.297,108228,270.0,7,1,0.0001704699999999,0.000135391
15626.016,110320,270.0,7,1,0.0001704699999999,0.000139344
15926.344,112401,270.0,7,1,0.0001679975,0.000139341
16227.079,114491,270.0,7,1,0.0001704699999999,0.0001334119999999
16527.907,116583,270.0,7,1,0.0001778825,0.000135389
16828.563,118672,270.0,7,1,0.00016306,0.0001403289999999
17128.875,120756,270.0,7,1,0.0001679975,0.0001334139999999
17429.047,122844,270.0,7,1,0.0001754099999999,0.000135388
17729.75,124932,270.0,7,1,0.0001704699999999,0.000136376
18030.141,127021,270.0,7,1,0.0001680024999999,0.000136377
18330.157,129104,270.0,7,1,0.0001581174999999,0.000137363
18630.297,131188,270.0,7,1,0.0001680025,0.000136376
18930.297,133273,270.0,7,1,0.0001704725,0.000138353
19230.875,135361,270.0,7,1,0.0001704725,0.000142308
19531.61,137449,270.0,7,1,0.00016553,0.000148235
19832.141,139539,270.0,7,1,0.0001778825,0.000136377
20133.125,141628,270.0,7,1,0.0001754125,0.0001413179999999
20433.829,143717,270.0,7,1,0.000175415,0.000144283
20734.125,145801,270.0,7,1,0.0001754125,0.000133412
21035.047,147894,270.0,7,1,0.0001704699999999,0.0001373659999999
21335.063,149977,270.0,7,1,0.0001729399999999,0.0001344
21635.344,152065,270.0,7,1,0.0001655299999999,0.000142306
21935.469,154150,270.0,7,1,0.0001778825,0.000140329
22236.375,156237,270.0,7,1,0.0001729399999999,0.0001343999999999
22536.75,158326,270.0,7,1,0.0001803499999999,0.0001452689999999
22837.172,160414,270.0,7,1,0.0001754125,0.000142308
23137.938,162503,270.0,7,1,0.0001803524999999,0.0001462589999999
23438.329,164588,270.0,7,1,0.0001803525,0.000147251
23738.485,166674,270.0,7,1,0.0001704699999999,0.0001472469999999
24039.282,168763,270.0,7,1,0.0001803525,0.000146262
24339.454,170849,270.0,7,1,0.000180355,0.0001423079999999
24640.329,172940,270.0,7,1,0.0001754099999999,0.000141318
24940.719,175027,270.0,7,1,0.000177885,0.000139342
25241.282,177113,270.0,7,1,0.000182825,0.000145274
25542.032,179201,270.0,7,1,0.00018035,0.000144283
25843.0,181296,270.0,7,1,0.0001877649999999,0.0001502119999999
26143.907,183383,270.0,7,1,0.0001852924999999,0.0001452709999999
26444.219,185469,270.0,7,1,0.0001852974999999,0.000146261
26745.094,187560,270.0,7,1,0.0001778825,0.000152188
27045.719,189648,270.0,7,1,0.000172945,0.0001502109999999
27346.172,191736,270.0,7,1,0.0001828224999999,0.0001492239999999
27646.375,193823,270.0,7,1,0.0001754124999999,0.0001502109999999
27946.594,195906,270.0,7,1,0.0001778825,0.000144281
28247.125,197996,270.0,7,1,0.0001803524999999,0.000147246
28547.954,200085,270.0,7,1,0.0001778824999999,0.000152188
300.078,3113,320.0,7,0,0.0002668875,0.0002214909999999
600.187,5586,320.0,7,0,0.0002668874999999,0.0002274769999999
900.969,8057,320.0,7,0,0.000271875,0.000228475
1201.781,10539,320.0,7,0,0.00027936,0.00023945
1502.453,13012,320.0,7,0,0.0002718774999999,0.000243442
1802.969,15486,320.0,7,0,0.0002743674999999,0.000246432
2103.453,17959,320.0,7,0,0.00028684,0.0002444379999999
2404.39,20438,320.0,7,0,0.0002718775,0.000242442
2705.156,22913,320.0,7,0,0.0002893324999999,0.000251421
3005.484,25385,320.0,7,0,0.0002793549999999,0.00024344
3306.344,27861,320.0,7,0,0.0002868399999999,0.00024843
3607.0,30339,320.0,7,0,0.0002943225,0.000249426
3907.922,32819,320.0,7,0,0.00028684,0.0002504239999999
4208.609,35293,320.0,7,0,0.0002943249999999,0.000260401
4509.125,37766,320.0,7,0,0.000289335,0.000250425
4809.531,40243,320.0,7,0,0.0002743699999999,0.0002494249999999
5110.265,42716,320.0,7,0,0.000306795,0.0002633939999999
5411.265,45195,320.0,7,0,0.000284345,0.000259404
5711.531,47664,320.0,7,0,0.0003067949999999,0.0002713759999999
6011.922,50143,320.0,7,0,0.000314275,0.000275365
6312.375,52613,320.0,7,0,0.0002893324999999,0.0002633929999999
6612.547,55086,320.0,7,0,0.0003117824999999,0.00026938
6913.312,57562,320.0,7,0,0.00031677,0.000264392
7214.156,60041,320.0,7,0,0.000301805,0.0002713759999999
7514.812,62513,320.0,7,0,0.0003117799999999,0.0002783569999999
7815.25,64987,320.0,7,0,0.000306795,0.00026938
8115.844,67465,320.0,7,0,0.0002993099999999,0.0002703779999999
8415.875,69932,320.0,7,0,0.00031428,0.000272375
8716.672,72409,320.0,7,0,0.0003192649999999,0.0002743679999999
9017.25,74884,320.0,7,0,0.000319265,0.000271377
9317.64,77360,320.0,7,0,0.00031927,0.0002743709999999
9618.375,79836,320.0,7,0,0.0003417124999999,0.000287339
9918.859,82311,320.0,7,0,0.0003192625,0.000284345
10219.75,84785,320.0,7,0,0.0003317349999999,0.000288336
10519.844,87257,320.0,7,0,0.0003192624999999,0.000277362
10820.375,89733,320.0,7,0,0.0003067924999999,0.0002773589999999
11120.422,92204,320.0,7,0,0.0003043024999999,0.0002723739999999
11421.14,94678,320.0,7,0,0.0003242549999999,0.0002753669999999
11722.015,97155,320.0,7,0,0.0003018025,0.00026838
12022.531,99630,320.0,7,0,0.0002968175,0.0002623959999999
12323.172,102105,320.0,7,0,0.000314275,0.0002683819999999
12624.125,104581,320.0,7,0,0.0003067925,0.0002653889999999
12924.984,107061,320.0,7,0,0.0002918299999999,0.000268384
13225.703,109536,320.0,7,0,0.0002993125,0.000266388
13526.172,112008,320.0,7,0,0.0003192674999999,0.0002733719999999
13826.187,114481,320.0,7,0,0.0003217599999999,0.000275367
14126.187,116949,320.0,7,0,0.000306795,0.0002663869999999
14426.937,119427,320.0,7,0,0.0003192675,0.000269381
14727.875,121903,320.0,7,0,0.000311785,0.0002653909999999
15027.969,124373,320.0,7,0,0.0003067949999999,0.0002703799999999
15328.625,126850,320.0,7,0,0.0003142774999999,0.0002713769999999
15629.609,129327,320.0,7,0,0.0003042999999999,0.000266386
15930.594,131806,320.0,7,0,0.000311785,0.0002693809999999
16230.687,134278,320.0,7,0,0.0002943249999999,0.0002743709999999
16531.547,136751,320.0,7,0,0.0002993099999999,0.000266388
16831.781,139225,320.0,7,0,0.0003117849999999,0.000261402
17132.75,141702,320.0,7,0,0.000296815,0.000261398
17432.875,144176,320.0,7,0,0.0002818524999999,0.000256411
17733.687,146650,320.0,7,0,0.0002918299999999,0.0002584069999999
18034.047,149126,320.0,7,0,0.0003018075,0.000254415
18334.125,151594,320.0,7,0,0.0003092874999999,0.0002584049999999
18635.047,154073,320.0,7,0,0.0002818525,0.000251422
18935.047,156543,320.0,7,0,0.0002968149999999,0.0002534139999999
19235.328,159013,320.0,7,0,0.0002968149999999,0.0002514209999999
19536.062,161489,320.0,7,0,0.00028684,0.0002514219999999
19836.719,163966,320.0,7,0,0.00029183,0.000257409
20136.906,166439,320.0,7,0,0.0002943249999999,0.0002564099999999
20437.109,168912,320.0,7,0,0.00029432,0.0002604
20737.312,171380,320.0,7,0,0.0003067949999999,0.0002643929999999
21037.969,173855,320.0,7,0,0.0002943249999999,0.000254416
21338.156,176330,320.0,7,0,0.0003018049999999,0.0002643899999999
21638.609,178803,320.0,7,0,0.0003067924999999,0.000261398
21939.328,181279,320.0,7,0,0.0002918299999999,0.000258406
22239.656,183751,320.0,7,0,0.0002993099999999,0.0002594019999999
22540.39,186226,320.0,7,0,0.0002893324999999,0.0002564099999999
22841.39,188708,320.0,7,0,0.0002918275,0.0002594019999999
23141.89,191180,320.0,7,0,0.0002843425,0.0002554139999999
23442.578,193658,320.0,7,0,0.000284345,0.0002574059999999
23743.031,196128,320.0,7,0,0.000279355,0.0002494239999999
24043.375,198602,320.0,7,0,0.0002793549999999,0.0002484279999999
300.078,3113,320.0,7,1,0.0001877649999999,0.0001620709999999
600.187,5586,320.0,7,1,0.0001927074999999,0.0001630599999999
900.969,8057,320.0,7,1,0.0001951774999999,0.0001610819999999
1201.781,10539,320.0,7,1,0.000192705,0.000170963
1502.453,13012,320.0,7,1,0.0002001175,0.000165035
1802.969,15486,320.0,7,1,0.000200115,0.000168
2103.453,17959,320.0,7,1,0.0002050574999999,0.0001660219999999
2404.39,20438,320.0,7,1,0.0001927075,0.000168001
2705.156,22913,320.0,7,1,0.0002124674999999,0.000168989
3005.484,25385,320.0,7,1,0.0002001199999999,0.0001719539999999
3306.344,27861,320.0,7,1,0.0002001149999999,0.00017887
3607.0,30339,320.0,7,1,0.00020753,0.000168988
3907.922,32819,320.0,7,1,0.00021,0.0001689879999999
4208.609,35293,320.0,7,1,0.00020506,0.0001709649999999
4509.125,37766,320.0,7,1,0.000207525,0.0001768919999999
4809.531,40243,320.0,7,1,0.0002248225,0.0001778829999999
5110.265,42716,320.0,7,1,0.0002198825,0.00017887
5411.265,45195,320.0,7,1,0.0002025875,0.00017294
5711.531,47664,320.0,7,1,0.0002124675,0.0001759049999999
6011.922,50143,320.0,7,1,0.0002149375,0.0001808439999999
6312.375,52613,320.0,7,1,0.00021,0.000179857
6612.547,55086,320.0,7,1,0.0002100024999999,0.000174917
6913.312,57562,320.0,7,1,0.0002174074999999,0.000171952
7214.156,60041,320.0,7,1,0.0002050574999999,0.000175904
7514.812,62513,320.0,7,1,0.00022235,0.0001857859999999
7815.25,64987,320.0,7,1,0.00021494,0.000181833
8115.844,67465,320.0,7,1,0.0002025875,0.000181834
8415.875,69932,320.0,7,1,0.0002272924999999,0.000187762
8716.672,72409,320.0,7,1,0.0002322325,0.000184797
9017.25,74884,320.0,7,1,0.0002198824999999,0.0001828239999999
9317.64,77360,320.0,7,1,0.0002075274999999,0.000182822
9618.375,79836,320.0,7,1,0.0002297625,0.000185786
9918.859,82311,320.0,7,1,0.0002198849999999,0.000181834
10219.75,84785,320.0,7,1,0.0002223525,0.0001857869999999
10519.844,87257,320.0,7,1,0.0002149425,0.0001877649999999
10820.375,89733,320.0,7,1,0.000219885,0.0001867769999999
11120.422,92204,320.0,7,1,0.0002396449999999,0.00019567
11421.14,94678,320.0,7,1,0.0002396475,0.0002006129999999
11722.015,97155,320.0,7,1,0.0002272925,0.000203575
12022.531,99630,320.0,7,1,0.0002297649999999,0.0001936949999999
12323.172,102105,320.0,7,1,0.0002223549999999,0.000192708
12624.125,104581,320.0,7,1,0.0002322374999999,0.0001887549999999
12924.984,107061,320.0,7,1,0.0002322399999999,0.000194681
13225.703,109536,320.0,7,1,0.0002371774999999,0.000193694
13526.172,112008,320.0,7,1,0.000229765,0.0001897409999999
13826.187,114481,320.0,7,1,0.000237175,0.000191717
14126.187,116949,320.0,7,1,0.0002396475,0.000191718
14426.937,119427,320.0,7,1,0.000234705,0.000192706
14727.875,121903,320.0,7,1,0.0002223524999999,0.000194681
15027.969,124373,320.0,7,1,0.0002371774999999,0.0001976469999999
15328.625,126850,320.0,7,1,0.000237175,0.000192704
15629.609,129327,320.0,7,1,0.0002272949999999,0.0001917179999999
15930.594,131806,320.0,7,1,0.0002272924999999,0.000187764
16230.687,134278,320.0,7,1,0.0002297624999999,0.0001956689999999
16531.547,136751,320.0,7,1,0.0002322325,0.0001897409999999
16831.781,139225,320.0,7,1,0.0002272925,0.000195668
17132.75,141702,320.0,7,1,0.0002248249999999,0.000200612
17432.875,144176,320.0,7,1,0.0002272924999999,0.0001956689999999
17733.687,146650,320.0,7,1,0.000229765,0.000194681
18034.047,149126,320.0,7,1,0.00022235,0.0001907279999999
18334.125,151594,320.0,7,1,0.0002248225,0.0001927029999999
18635.047,154073,320.0,7,1,0.0002223525,0.0001907279999999
18935.047,156543,320.0,7,1,0.0002347024999999,0.000191716
19235.328,159013,320.0,7,1,0.000242115,0.0001917159999999
19536.062,161489,320.0,7,1,0.0002223499999999,0.000197645
19836.719,163966,320.0,7,1,0.00021988,0.000194681
20136.906,166439,320.0,7,1,0.0002248224999999,0.0001927049999999
20437.109,168912,320.0,7,1,0.0002297649999999,0.0001956699999999
20737.312,171380,320.0,7,1,0.0002297624999999,0.000187764
21037.969,173855,320.0,7,1,0.0002272924999999,0.0001897399999999
21338.156,176330,320.0,7,1,0.0002272899999999,0.000192704
21638.609,178803,320.0,7,1,0.0002248249999999,0.000189742
21939.328,181279,320.0,7,1,0.0002272925,0.0001897389999999
22239.656,183751,320.0,7,1,0.0002174124999999,0.000188751
22540.39,186226,320.0,7,1,0.0002198799999999,0.00019468
22841.39,188708,320.0,7,1,0.0002248224999999,0.000191717
23141.89,191180,320.0,7,1,0.0002272924999999,0.0001927049999999
23442.578,193658,320.0,7,1,0.0002223524999999,0.00019567
23743.031,196128,320.0,7,1,0.0002248249999999,0.00019567
24043.375,198602,320.0,7,1,0.000224825,0.0001907289999999
300.86,3288,360.0,7,0,0.0002818575,0.000250426
601.391,6070,360.0,7,0,0.0003067924999999,0.000261398
901.875,8853,360.0,7,0,0.0002843475,0.000253419
1202.11,11635,360.0,7,0,0.00029682,0.0002643929999999
1502.516,14419,360.0,7,0,0.0002893325,0.000261399
1803.016,17199,360.0,7,0,0.0003117824999999,0.000270376
2103.579,19985,360.0,7,0,0.0002943224999999,0.0002604
2404.5,22771,360.0,7,0,0.0003192675,0.0002773619999999
2705.11,25558,360.0,7,0,0.0003067949999999,0.0002733699999999
3005.594,28339,360.0,7,0,0.0003067924999999,0.0002703779999999
3306.125,31124,360.0,7,0,0.0003317325,0.0002803569999999
3606.469,33903,360.0,7,0,0.0002918299999999,0.000251419
3906.907,36688,360.0,7,0,0.000254415,0.0002304709999999
4207.891,39476,360.0,7,0,0.00023197,0.000210517
4508.172,42259,360.0,7,0,0.0002444375,0.000211512
4808.797,45044,360.0,7,0,0.0002494299999999,0.0002135119999999
5109.032,47825,360.0,7,0,0.0002768624999999,0.000233464
5409.266,50603,360.0,7,0,0.0002594025,0.000223486
5709.735,53386,360.0,7,0,0.0002594025,0.000225481
6009.954,56168,360.0,7,0,0.000251925,0.000219498
6310.172,58949,360.0,7,0,0.0002693799999999,0.0002324639999999
6611.125,61733,360.0,7,0,0.0002618974999999,0.000220492
6911.672,64522,360.0,7,0,0.00025192,0.0002214909999999
7211.86,67299,360.0,7,0,0.0002369575,0.000210517
7512.704,70088,360.0,7,0,0.0002519224999999,0.000219496
7813.016,72870,360.0,7,0,0.0002643949999999,0.000220493
8113.813,75653,360.0,7,0,0.0002768624999999,0.0002264789999999
8413.969,78433,360.0,7,0,0.0002569074999999,0.000216501
8714.25,81216,360.0,7,0,0.0002643925,0.000233462
9014.282,83996,360.0,7,0,0.0002618975,0.000224484
9314.547,86777,360.0,7,0,0.0002544124999999,0.000213507
9615.25,89564,360.0,7,0,0.0002594049999999,0.000225481
9915.313,92343,360.0,7,0,0.0002269749999999,0.000210514
10215.516,95123,360.0,7,0,0.00024693,0.0002045299999999
10515.688,97904,360.0,7,0,0.0002469324999999,0.000207523
10816.516,100687,360.0,7,0,0.0002494274999999,0.0002165019999999
11116.625,103471,360.0,7,0,0.0002693824999999,0.0002344599999999
11417.407,106254,360.0,7,0,0.0002718775,0.0002364569999999
11718.219,109040,360.0,7,0,0.0002693775,0.000232463
12018.532,111821,360.0,7,0,0.0002793575,0.000237453
12318.985,114603,360.0,7,0,0.0002544125,0.0002174999999999
12619.0,117385,360.0,7,0,0.00022698,0.0002075239999999
12919.297,120167,360.0,7,0,0.0002469299999999,0.0002125119999999
13219.313,122945,360.0,7,0,0.0002594049999999,0.000225481
13519.579,125727,360.0,7,0,0.000266885,0.0002304709999999
13819.766,128506,360.0,7,0,0.0002893324999999,0.00024743
14120.125,131289,360.0,7,0,0.0002768625,0.0002384509999999
14421.032,134074,360.0,7,0,0.0002768624999999,0.0002464319999999
14721.407,136858,360.0,7,0,0.0002643949999999,0.0002394499999999
15021.454,139636,360.0,7,0,0.0002793575,0.000247431
15322.391,142423,360.0,7,0,0.0002768649999999,0.0002444389999999
15622.922,145210,360.0,7,0,0.00027936,0.0002424429999999
15923.25,147989,360.0,7,0,0.0002993125,0.000253418
16224.157,150776,360.0,7,0,0.0002868424999999,0.0002474319999999
16524.75,153564,360.0,7,0,0.0002718725,0.000239447
16825.688,156350,360.0,7,0,0.0002943225,0.00025242
17125.875,159130,360.0,7,0,0.0002893349999999,0.000249427
17426.438,161914,360.0,7,0,0.000284345,0.0002434389999999
17726.813,164697,360.0,7,0,0.00028684,0.0002504239999999
18027.375,167477,360.0,7,0,0.0003018025,0.0002594019999999
18328.125,170262,360.0,7,0,0.0002868375,0.0002554109999999
18629.11,173055,360.0,7,0,0.0002993125,0.000262397
18929.266,175832,360.0,7,0,0.0002918274999999,0.0002504239999999
19229.547,178615,360.0,7,0,0.000279355,0.0002514199999999
19529.813,181396,360.0,7,0,0.0002893349999999,0.000251422
19830.032,184178,360.0,7,0,0.0002918299999999,0.0002514209999999
20130.25,186957,360.0,7,0,0.0002893375,0.000246434
20431.016,189741,360.0,7,0,0.0002868375,0.000240446
20731.454,192524,360.0,7,0,0.0002793574999999,0.000238452
21031.75,195307,360.0,7,0,0.0002718724999999,0.000231465
21332.579,198091,360.0,7,0,0.0002718699999999,0.00023745
300.86,3288,360.0,7,1,0.0002322375,0.000188752
601.391,6070,360.0,7,1,0.0002248275,0.0001877659999999
901.875,8853,360.0,7,1,0.0002050574999999,0.000182824
1202.11,11635,360.0,7,1,0.000219885,0.000185789
1502.516,14419,360.0,7,1,0.0002223549999999,0.000191719
1803.016,17199,360.0,7,1,0.0002272924999999,0.000197646
2103.579,19985,360.0,7,1,0.000227295,0.0001917189999999
2404.5,22771,360.0,7,1,0.0002347049999999,0.0002015979999999
2705.11,25558,360.0,7,1,0.0002272949999999,0.00020753
3005.594,28339,360.0,7,1,0.0002470599999999,0.000211482
3306.125,31124,360.0,7,1,0.000252,0.000214447
3606.469,33903,360.0,7,1,0.00029894,0.000249035
3906.907,36688,360.0,7,1,0.0003088249999999,0.0002786819999999
4207.891,39476,360.0,7,1,0.0002939974999999,0.0002678119999999
4508.172,42259,360.0,7,1,0.000274235,0.000242118
4808.797,45044,360.0,7,1,0.0002495299999999,0.000217411
5109.032,47825,360.0,7,1,0.00025694,0.000225317
5409.266,50603,360.0,7,1,0.000276705,0.000238163
5709.735,53386,360.0,7,1,0.0002692925,0.0002302569999999
6009.954,56168,360.0,7,1,0.0002643525,0.0002312449999999
6310.172,58949,360.0,7,1,0.0002742349999999,0.0002401389999999
6611.125,61733,360.0,7,1,0.000271765,0.000234211
6911.672,64522,360.0,7,1,0.0002643574999999,0.000244096
7211.86,67299,360.0,7,1,0.0002791775,0.000237177
7512.704,70088,360.0,7,1,0.0002940024999999,0.000258918
7813.016,72870,360.0,7,1,0.00027918,0.000242118
8113.813,75653,360.0,7,1,0.000266825,0.000222352
8413.969,78433,360.0,7,1,0.0002692924999999,0.000220375
8714.25,81216,360.0,7,1,0.0002717649999999,0.0002272939999999
9014.282,83996,360.0,7,1,0.0002841175,0.0002263049999999
9314.547,86777,360.0,7,1,0.000276705,0.000239154
9615.25,89564,360.0,7,1,0.0002791775,0.0002371759999999
9915.313,92343,360.0,7,1,0.0002865875,0.000255953
10215.516,95123,360.0,7,1,0.00029894,0.0002569399999999
10515.688,97904,360.0,7,1,0.0002865849999999,0.0002539739999999
10816.516,100687,360.0,7,1,0.0002816475,0.000251012
11116.625,103471,360.0,7,1,0.000271765,0.000231248
11417.407,106254,360.0,7,1,0.0002643525,0.000235201
11718.219,109040,360.0,7,1,0.0002816475,0.000243107
12018.532,111821,360.0,7,1,0.0002791749999999,0.000239153
12318.985,114603,360.0,7,1,0.0002791775,0.000244094
12619.0,117385,360.0,7,1,0.0002989424999999,0.0002599059999999
12919.297,120167,360.0,7,1,0.0003088199999999,0.0002658339999999
13219.313,122945,360.0,7,1,0.00029647,0.000254964
13519.579,125727,360.0,7,1,0.0002865875,0.0002500239999999
13819.766,128506,360.0,7,1,0.000281645,0.0002401399999999
14120.125,131289,360.0,7,1,0.000271765,0.0002381639999999
14421.032,134074,360.0,7,1,0.0002791775,0.000250023
14721.407,136858,360.0,7,1,0.0002668249999999,0.000234214
15021.454,139636,360.0,7,1,0.000269295,0.000238164
15322.391,142423,360.0,7,1,0.0002692974999999,0.0002342139999999
15622.922,145210,360.0,7,1,0.0002668224999999,0.0002381639999999
15923.25,147989,360.0,7,1,0.0002816474999999,0.00024113
16224.157,150776,360.0,7,1,0.000271765,0.000242116
16524.75,153564,360.0,7,1,0.0002692949999999,0.000236187
16825.688,156350,360.0,7,1,0.0002890549999999,0.0002490319999999
17125.875,159130,360.0,7,1,0.000286585,0.000244092
17426.438,161914,360.0,7,1,0.000271765,0.0002312469999999
17726.813,164697,360.0,7,1,0.0002544675,0.0002243269999999
18027.375,167477,360.0,7,1,0.0002791749999999,0.000231247
18328.125,170262,360.0,7,1,0.000274235,0.0002332219999999
18629.11,173055,360.0,7,1,0.0002767024999999,0.0002381609999999
18929.266,175832,360.0,7,1,0.000281645,0.0002411269999999
19229.547,178615,360.0,7,1,0.0002865875,0.0002539739999999
19529.813,181396,360.0,7,1,0.0002841199999999,0.000252987
19830.032,184178,360.0,7,1,0.000279175,0.000249035
20130.25,186957,360.0,7,1,0.0002841199999999,0.000238165
20431.016,189741,360.0,7,1,0.000281645,0.0002431039999999
20731.454,192524,360.0,7,1,0.0002742374999999,0.0002292719999999
21031.75,195307,360.0,7,1,0.0002692949999999,0.000234212
21332.579,198091,360.0,7,1,0.0002865874999999,0.000237176
300.938,3534,380.0,7,0,0.0002419424999999,0.0002025339999999
601.563,6475,380.0,7,0,0.0002394475,0.0002075219999999
902.047,9408,380.0,7,0,0.0002344625,0.00020553
1202.672,12349,380.0,7,0,0.0002369525,0.000206524
1503.36,15290,380.0,7,0,0.000254415,0.000215504
1804.266,18232,380.0,7,0,0.0002618925,0.000220491
2104.782,21168,380.0,7,0,0.00025691,0.0002165019999999
2405.313,24108,380.0,7,0,0.00026938,0.0002274749999999
2706.172,27051,380.0,7,0,0.0002618975,0.000226478
3006.204,29983,380.0,7,0,0.000269385,0.0002274779999999
3306.688,32922,380.0,7,0,0.0002768649999999,0.000228476
3607.516,35864,380.0,7,0,0.0002643924999999,0.0002244819999999
3907.86,38797,380.0,7,0,0.000276865,0.000233463
4208.672,41738,380.0,7,0,0.0002718725,0.0002314649999999
4508.672,44676,380.0,7,0,0.0002619025,0.0002224889999999
4809.063,47609,380.0,7,0,0.0002618974999999,0.000224482
5110.016,50551,380.0,7,0,0.0002619,0.000226481
5411.0,53494,380.0,7,0,0.0002593999999999,0.000223487
5711.172,56433,380.0,7,0,0.0002618975,0.0002254809999999
6011.657,59365,380.0,7,0,0.0002569074999999,0.000221488
6311.954,62302,380.0,7,0,0.0002668849999999,0.0002314689999999
6612.219,65235,380.0,7,0,0.00026938,0.0002304699999999
6912.25,68174,380.0,7,0,0.000261895,0.000231466
7213.25,71117,380.0,7,0,0.00027187,0.0002334609999999
7513.813,74056,380.0,7,0,0.0002619,0.0002294729999999
7813.907,76989,380.0,7,0,0.0002718725,0.0002304689999999
8114.157,79925,380.0,7,0,0.0002643874999999,0.0002304669999999
8414.266,82856,380.0,7,0,0.000266885,0.000229471
8714.407,85789,380.0,7,0,0.0002618974999999,0.0002284749999999
9014.86,88732,380.0,7,0,0.00026439,0.000227477
9315.704,91672,380.0,7,0,0.0002768599999999,0.000234459
9615.704,94604,380.0,7,0,0.0002718774999999,0.0002364579999999
9916.0,97539,380.0,7,0,0.0002743699999999,0.0002374539999999
10216.454,100479,380.0,7,0,0.0002768624999999,0.0002394479999999
10516.891,103414,380.0,7,0,0.0002793574999999,0.000240448
10817.329,106354,380.0,7,0,0.0002793599999999,0.0002434419999999
11117.422,109286,380.0,7,0,0.0002768624999999,0.000242444
11417.469,112221,380.0,7,0,0.0002893349999999,0.000249428
11717.688,115159,380.0,7,0,0.0002968149999999,0.000257406
12018.438,118098,380.0,7,0,0.000301805,0.0002584039999999
12318.829,121035,380.0,7,0,0.0002993125,0.000261397
12619.11,123969,380.0,7,0,0.0002868375,0.000253416
12919.219,126905,380.0,7,0,0.000296815,0.000256408
13220.032,129847,380.0,7,0,0.000301805,0.0002623949999999
13520.485,132780,380.0,7,0,0.0002993099999999,0.000265389
13820.594,135718,380.0,7,0,0.0003018075,0.000267386
14120.891,138649,380.0,7,0,0.0002918275,0.000252419
14420.938,141588,380.0,7,0,0.0002918299999999,0.000254417
14721.579,144525,380.0,7,0,0.0002918299999999,0.000260403
15022.125,147465,380.0,7,0,0.0002993099999999,0.0002603989999999
15322.594,150399,380.0,7,0,0.0002993149999999,0.000263395
15623.141,153339,380.0,7,0,0.0003092874999999,0.000273371
15923.657,156279,380.0,7,0,0.000299315,0.0002663869999999
16224.032,159215,380.0,7,0,0.0003067949999999,0.00026938
16524.954,162157,380.0,7,0,0.0002868399999999,0.000254415
16825.36,165096,380.0,7,0,0.0002968125,0.000262395
17125.829,168035,380.0,7,0,0.0003117824999999,0.0002693799999999
17426.079,170967,380.0,7,0,0.0003117849999999,0.000273372
17726.625,173905,380.0,7,0,0.0003092874999999,0.0002703769999999
18027.11,176846,380.0,7,0,0.0003192649999999,0.0002773639999999
18327.641,179785,380.0,7,0,0.0003042999999999,0.000269381
18628.375,182724,380.0,7,0,0.0003142799999999,0.000278361
18928.704,185658,380.0,7,0,0.0003242524999999,0.0002803559999999
19228.875,188595,380.0,7,0,0.000319265,0.000284346
19529.266,191533,380.0,7,0,0.0003267474999999,0.0002863419999999
19830.219,194473,380.0,7,0,0.0003242549999999,0.000288336
20130.969,197411,380.0,7,0,0.000306795,0.0002753679999999
20431.829,200357,380.0,7,0,0.000314275,0.0002733709999999
300.938,3534,380.0,7,1,0.0002322325,0.000201599
601.563,6475,380.0,7,1,0.0002421174999999,0.0001986349999999
902.047,9408,380.0,7,1,0.0002371749999999,0.000197645
1202.672,12349,380.0,7,1,0.0002470549999999,0.000199624
1503.36,15290,380.0,7,1,0.0002445849999999,0.0002045639999999
1804.266,18232,380.0,7,1,0.0002421124999999,0.0002055489999999
2104.782,21168,380.0,7,1,0.0002421174999999,0.000203577
2405.313,24108,380.0,7,1,0.0002519974999999,0.000211481
2706.172,27051,380.0,7,1,0.0002692924999999,0.000218398
3006.204,29983,380.0,7,1,0.0002618799999999,0.000218398
3306.688,32922,380.0,7,1,0.00024459,0.0002085169999999
3607.516,35864,380.0,7,1,0.000252,0.000208519
3907.86,38797,380.0,7,1,0.0002544699999999,0.0002124719999999
4208.672,41738,380.0,7,1,0.0002445899999999,0.0002075289999999
4508.672,44676,380.0,7,1,0.0002495275,0.000210494
4809.063,47609,380.0,7,1,0.0002470624999999,0.000211484
5110.016,50551,380.0,7,1,0.000237175,0.00020654
5411.0,53494,380.0,7,1,0.00023471,0.000200614
5711.172,56433,380.0,7,1,0.0002421199999999,0.000204566
6011.657,59365,380.0,7,1,0.0002297625,0.0002055519999999
6311.954,62302,380.0,7,1,0.0002396499999999,0.000203581
6612.219,65235,380.0,7,1,0.00023718,0.0002055519999999
6912.25,68174,380.0,7,1,0.00024953,0.00020753
7213.25,71117,380.0,7,1,0.0002470574999999,0.0002085169999999
7513.813,74056,380.0,7,1,0.00024459,0.0002095079999999
7813.907,76989,380.0,7,1,0.0002396499999999,0.0002065419999999
8114.157,79925,380.0,7,1,0.00024459,0.000204565
8414.266,82856,380.0,7,1,0.0002421174999999,0.0002075309999999
8714.407,85789,380.0,7,1,0.0002421174999999,0.000207528
9014.86,88732,380.0,7,1,0.0002470549999999,0.0002085169999999
9315.704,91672,380.0,7,1,0.00024706,0.000211484
9615.704,94604,380.0,7,1,0.0002594125,0.000214448
9916.0,97539,380.0,7,1,0.000252,0.000217411
10216.454,100479,380.0,7,1,0.00025941,0.00022334
10516.891,103414,380.0,7,1,0.0002594125,0.0002233419999999
10817.329,106354,380.0,7,1,0.00025941,0.0002213629999999
11117.422,109286,380.0,7,1,0.0002594074999999,0.000225315
11417.469,112221,380.0,7,1,0.0002643549999999,0.000227294
11717.688,115159,380.0,7,1,0.0002717674999999,0.000239155
12018.438,118098,380.0,7,1,0.0002791775,0.0002440949999999
12318.829,121035,380.0,7,1,0.000284115,0.0002440929999999
12619.11,123969,380.0,7,1,0.000276705,0.0002401409999999
12919.219,126905,380.0,7,1,0.0002816424999999,0.000245079
13220.032,129847,380.0,7,1,0.00026435,0.000237173
13520.485,132780,380.0,7,1,0.0002618824999999,0.000234211
13820.594,135718,380.0,7,1,0.0002668224999999,0.000238165
14120.891,138649,380.0,7,1,0.00027423,0.000233221
14420.938,141588,380.0,7,1,0.0002767024999999,0.000236186
14721.579,144525,380.0,7,1,0.0002742349999999,0.0002391529999999
15022.125,147465,380.0,7,1,0.00026435075,0.0002342113
15322.594,150399,380.0,7,1,0.0002742329999999,0.0002351987999999
15623.141,153339,380.0,7,1,0.000279175,0.000243105
15923.657,156279,380.0,7,1,0.00027423675,0.0002411286999999
16224.032,159215,380.0,7,1,0.0002742345,0.0002411283
16524.954,162157,380.0,7,1,0.0002643525,0.0002322337999999
16825.36,165096,380.0,7,1,0.000264352,0.0002322353
17125.829,168035,380.0,7,1,0.000274233,0.0002391505
17426.079,170967,380.0,7,1,0.00027917925,0.0002440948999999
17726.625,173905,380.0,7,1,0.0002767075,0.0002480463999999
18027.11,176846,380.0,7,1,0.00027670625,0.0002470575
18327.641,179785,380.0,7,1,0.000291527,0.0002480458
18628.375,182724,380.0,7,1,0.0002742349999999,0.0002450822
18928.704,185658,380.0,7,1,0.0002865879999999,0.0002510114
19228.875,188595,380.0,7,1,0.0002692932499999,0.0002421186999999
19529.266,191533,380.0,7,1,0.0002890589999999,0.0002490363999999
19830.219,194473,380.0,7,1,0.00027917725,0.0002470588
20130.969,197411,380.0,7,1,0.00028164875,0.0002431062999999
20431.829,200357,380.0,7,1,0.0002767054999999,0.0002431051
